,GeoID,FIPS,Name,Scale,Area,Lat_Cent,Lon_Cent,Population,Density,Pct_White,Pct_Black,Pct_NatAm,Pct_Asian,Pct_Pacific,Pct_Other,Pct_Two_Plus,Pct_Hispanic,Med_Age,Pct_NotLabor,Pct_Unemp,Pct_Commute,Pct_Service_O,Pct_BlueCollar_O,Pct_FIRE_I,Pct_SNAP,PCI,Pct_Poverty,Pct_Vacant,Med_HomeValue,Pct_Divorced,Pct_NoHS,Pct_Repub,Pct_Fallin,Region
0,0500000US40001,40001,Adair County,C,577.0527760477287,35.8975,-94.6516708,22380,38.783281060151985,45.06702412868633,0.32171581769436997,38.84271671134942,0.6300268096514745,0.013404825737265418,0.741733690795353,14.383378016085791,5.750670241286864,36.8,46.4,8.0,80.4,19.3,15.1,31.3,23.8,15692,27.3,13.7,74700,12.2,21.5,31.995911065678506,53.940708604483014,1
1,0500000US40003,40003,Alfalfa County,C,881.337509577938,36.7297032,-98.3234449,5703,6.47084679594665,80.36121339645801,2.297036647378573,1.7534630896019638,0.03506926179203928,0.0,2.7529370506750834,12.800280554094337,4.699281080133264,45.5,50.7,5.8,76.3,13.5,16.9,22.2,8.9,26103,13.9,24.8,64000,18.4,14.3,63.27433628318584,62.7906976744186,4
2,0500000US40005,40005,Atoka County,C,989.912396033119,34.3748131,-96.0347049,13958,14.10023761287763,74.34446195730048,4.241295314514973,11.756698667430863,0.5015045135406219,0.0,0.723599369537183,8.432440177675884,3.317094139561542,40.6,51.7,10.1,80.2,17.6,13.6,31.099999999999998,21.1,18587,22.6,17.8,84700,15.8,17.9,21.930302205281784,52.33725265271006,2
3,0500000US40007,40007,Beaver County,C,1817.5085542725974,36.7483343,-100.4830555,5581,3.0706870605259,82.3329152481634,1.1109120229349578,0.4121125246371618,0.14334348683031714,0.0,13.904318222540763,2.0963984948933883,21.376097473571047,40.5,37.2,2.9,84.1,13.4,20.6,27.0,4.1,25610,9.2,21.4,87200,9.5,17.299999999999997,71.77971375233354,73.21899736147758,5
4,0500000US40009,40009,Beckham County,C,903.9393662298613,35.2739452,-99.6716381,22941,25.378914623092506,85.22296325356349,3.378231114598317,1.3687284773985442,0.3051305522862996,0.03487206311843424,1.8743733926158406,7.815701146419076,13.007279543175972,34.7,44.1,3.2,85.7,16.3,19.2,26.0,8.9,25654,14.4,20.4,110600,15.1,16.5,40.731094781880756,59.86672398968186,5
5,0500000US40011,40011,Blaine County,C,938.791775644316,35.877782,-98.4289343,9832,10.473035933076913,79.60740439381611,6.234743694060212,5.248169243287226,0.26444263628966636,0.0,3.6920260374288043,4.953213995117982,8.858828315703825,42.1,52.6,3.2,85.7,17.9,8.9,33.1,16.6,21130,15.2,23.6,74400,13.4,16.0,51.18198874296436,60.12107453651154,4
6,0500000US40013,40013,Bryan County,C,943.9412749593031,33.9640035,-96.2641365,43595,46.18401711682705,74.33880032113774,1.9405895171464616,12.856979011354513,0.4610620484000459,0.03211377451542608,3.3948847344878996,6.975570592957908,5.287303589861223,37.0,40.4,9.4,79.0,17.7,11.0,36.3,14.3,20964,17.8,15.4,87900,14.5,16.1,28.04101092780895,49.52043845626856,2
7,0500000US40015,40015,Caddo County,C,1290.1888891553624,35.1679202,-98.3810447,29551,22.90439814541103,62.600250414537584,2.7579438936076612,23.038137457277248,0.33501404351798586,0.0,4.642820885926026,6.625833305133498,10.805048898514432,37.6,46.8,9.3,83.7,17.2,18.8,27.9,14.2,18870,20.4,22.3,76200,14.1,15.9,27.34486114230107,45.11084378759237,3
8,0500000US40017,40017,Canadian County,C,905.600490071639,35.543416,-97.9798358,122832,135.63596900249377,82.5517780382962,2.3471082454083625,4.325420085971082,3.065976292822717,0.009769441187964049,2.5848313143154877,5.115116581998176,7.463038947505536,35.7,31.3,5.4,86.3,15.3,10.3,37.0,7.7,28160,7.5,8.1,141600,12.7,8.5,60.21010866134632,65.88134504176483,3
9,0500000US40019,40019,Carter County,C,833.7648020012937,34.2518484,-97.2879273,48288,57.9156134728809,74.639662027833,6.908548707753479,8.331262425447317,0.9795394300861497,0.13046719681908547,2.1268223989396953,6.883697813121273,6.0511928429423465,38.4,40.8,6.5,82.9,18.6,11.8,32.8,11.6,22118,15.6,18.0,94600,14.2,14.6,32.98665754361957,55.85081585081585,3
10,0500000US40021,40021,Cherokee County,C,776.2902246447635,35.9043668,-94.9967964,47860,61.652199758023635,53.12996239030505,1.1763476807354785,30.674885081487673,0.6707062264939407,0.1065608023401588,0.9987463435018804,13.242791475135812,6.4688675302966985,34.7,45.1,8.2,80.1,19.3,12.9,38.0,15.9,18893,22.6,21.8,106300,13.0,14.5,27.776584317937704,45.052283984589984,1
11,0500000US40023,40023,Choctaw County,C,799.5720566189564,34.0276453,-95.5542077,15175,18.978902369560657,63.22899505766063,10.504118616144975,11.472817133443163,0.43492586490939045,0.0,1.5617792421746293,12.797364085667216,3.347611202635915,41.3,49.6,8.8,81.1,23.4,13.0,34.4,25.0,18739,27.7,19.4,76100,13.8,20.6,17.470292504570384,55.70469798657718,2
12,0500000US40025,40025,Cimarron County,C,1840.8859546391748,36.7552758,-102.5087345,2390,1.298287921626549,82.80334728033473,0.502092050209205,0.7531380753138075,0.2510460251046025,0.0,14.058577405857742,1.6317991631799162,20.585774058577407,44.8,38.3,2.1,79.6,17.3,17.5,25.599999999999998,9.2,24946,20.6,37.0,63300,7.7,16.3,58.781785925487874,75.29411764705883,5
13,0500000US40027,40027,Cleveland County,C,558.0863627256123,35.2031167,-97.3283318,264934,474.71864158461256,79.46054489042554,4.400718669555436,4.091962526516038,4.027795601923498,0.06869635456377815,1.442245993341738,6.508035963673972,7.5452754270875015,33.0,34.1,5.4,83.5,17.0,9.8,41.9,10.1,27386,13.3,8.6,142800,11.2,8.7,48.17882048422516,51.45366696000133,3
14,0500000US40029,40029,Coal County,C,521.3461736026378,34.5828612,-96.288039,5877,11.272740258911655,72.40088480517271,0.47643355453462655,10.192274970222904,0.17015484090522376,0.0,0.9698825931597753,15.790369236004764,3.283988429470818,42.1,46.9,8.1,82.6,13.7,20.6,36.1,17.7,20968,21.1,16.5,71900,14.2,17.3,14.318181818181818,42.77555682467162,2
15,0500000US40031,40031,Comanche County,C,1083.7032991768738,34.6626279,-98.4765971,125647,115.94225107133578,64.46552643517155,16.84799477902377,5.28544254936449,2.027903571115904,0.570646334572254,2.0955534155212616,8.706932915230766,12.06952812243826,31.4,34.9,9.4,73.4,21.1,10.9,36.400000000000006,16.2,23035,18.0,14.1,114400,13.8,10.7,35.35122457610827,50.455000000000005,3
16,0500000US40033,40033,Cotton County,C,641.9574323004526,34.290676,-98.3734379,6157,9.590978607314208,79.64917979535488,1.867792756212441,8.624330030859184,0.6983920740620433,0.0,2.1763846028910185,6.983920740620432,6.561637160955011,41.2,41.4,8.6,83.0,18.8,13.1,33.0,13.8,21410,16.8,19.8,74300,11.1,15.600000000000001,28.692098092643054,53.56294536817102,3
17,0500000US40035,40035,Craig County,C,762.7815244077339,36.7638896,-95.2015531,14792,19.392184428543068,66.59680908599242,3.265278528934559,17.002433747971875,0.6084369929691725,0.07436452136289887,0.662520281233099,11.790156841535964,2.8664142779881017,43.0,47.5,6.8,85.1,22.5,12.0,34.4,10.0,19936,17.8,18.1,88400,15.0,16.5,29.163488431222984,54.93827160493827,1
18,0500000US40037,40037,Creek County,C,969.8252559445683,35.9077324,-96.3797931,70607,72.80383715232473,79.7300550936876,2.362372002775929,8.967949353463538,0.5183622020479556,0.015579191864829265,0.9843216678233035,7.421360488336851,3.4996530089084654,40.4,42.2,7.5,83.9,16.1,13.0,33.8,13.0,22736,15.4,12.2,104800,12.9,14.8,49.93774024145958,62.7110908261068,1
19,0500000US40039,40039,Custer County,C,1002.068854541307,35.6456012,-98.9973857,28506,28.447146990760935,83.42805023503824,2.9432400196449873,2.6871535817020975,1.385673191608784,0.11576510208377185,1.7049042306882762,7.735213639233845,15.428330877709955,30.6,36.1,4.2,84.5,20.0,15.8,31.2,7.2,22993,16.6,16.4,115100,11.2,14.5,44.710833386469425,64.5903651426818,5
20,0500000US40041,40041,Delaware County,C,792.3101089965172,36.3933694,-94.808206,41415,52.27119978622164,66.70288542798502,0.31631051551370276,21.48738379814077,1.2048774598575396,0.057950018109380656,0.9489315465411083,9.28166123385247,3.240371845949535,45.7,47.8,10.2,77.4,20.1,13.7,32.1,16.4,21476,21.5,33.6,109400,15.1,15.6,40.274454927097906,62.44716351501669,1
21,0500000US40043,40043,Dewey County,C,1008.2363608461633,35.978433,-99.0140936,4817,4.777649554274484,88.51982561760433,0.062279427029271334,2.968652688395267,0.3113971351463567,0.020759809009757112,0.041519618019514225,8.075565704795515,5.60514843263442,42.0,43.5,2.6,81.9,13.6,21.4,27.5,3.9,25721,13.7,24.7,77900,11.7,11.3,49.94753410283316,66.57754010695187,5
22,0500000US40045,40045,Ellis County,C,1231.8828485224542,36.2242576,-99.7501388,4113,3.3387915132784074,94.21346948699247,0.19450522732798445,0.6564551422319475,0.46194991490396303,0.0,0.437636761487965,4.035983467055678,7.00218818380744,44.0,40.1,4.0,83.0,9.9,15.8,32.9,6.5,28458,15.7,23.7,77500,10.7,10.5,60.571201904006344,71.21090617481957,5
23,0500000US40047,40047,Garfield County,C,1060.0646084216264,36.3782725,-97.7877291,61663,58.169096025017346,83.12602370951787,3.222353761575013,1.8503802928822797,0.968165674715794,1.9622788382011904,4.792176832135965,4.078620890971896,10.150333263058885,36.5,35.5,5.7,83.1,19.2,13.6,35.7,13.1,24647,13.2,11.2,93500,13.3,13.9,60.19614711033275,57.139478041472834,4
24,0500000US40049,40049,Garvin County,C,813.6888712306098,34.7093497,-97.3127231,27421,33.69961292272429,81.79862149447503,2.472557528901207,6.783122424419242,0.26621932095838957,0.003646840013128624,1.611903285802852,7.0639291054301445,6.9435833849969,39.6,47.0,5.1,87.5,16.3,13.7,29.0,13.4,21315,19.1,19.0,85900,14.3,16.4,32.06642813744684,56.62910175671196,3
25,0500000US40051,40051,Grady County,C,1104.8996196468074,35.0210581,-97.8868902,53161,48.11387302042285,85.51193544139501,1.8434566693628789,4.966046537875511,0.2915671262767819,0.08652959876601268,1.5707003254265346,5.7297643008972745,4.990500554918079,38.7,40.4,5.1,84.2,15.9,14.0,32.5,14.3,24286,13.5,11.7,108800,11.9,14.399999999999999,46.38278388278388,54.422242874845104,3
26,0500000US40053,40053,Grant County,C,1003.5825572430123,36.7882544,-97.7881508,4523,4.506853937782001,90.66990935219987,0.7074950254256025,0.596948927702852,0.2210921954455008,0.0,2.1888127349104574,5.61574176431572,3.891222639840813,45.1,38.5,5.3,76.2,12.1,20.6,25.6,7.8,28135,9.4,20.8,65100,12.8,9.8,58.526461432030445,61.26408010012515,4
27,0500000US40055,40055,Greer County,C,643.6323508001508,34.9352633,-99.5529675,6144,9.545822226558226,78.84114583333334,7.6171875,3.22265625,0.048828125,0.0,7.291666666666667,2.978515625,10.432942708333332,40.0,53.1,3.5,82.7,23.6,13.2,32.6,19.5,19837,14.2,19.2,66500,16.0,19.9,22.738218094255245,55.107526881720425,5
28,0500000US40057,40057,Harmon County,C,538.6615940175145,34.745971,-99.8441936,2883,5.352154361883575,69.30280957336107,7.006590357266735,1.1446409989594173,1.5261879986125564,0.0,15.747485258411379,5.272285813388831,26.222684703433924,41.2,46.7,7.4,86.9,17.0,18.3,37.8,23.3,21012,23.1,24.2,46400,9.5,21.2,18.281786941580755,58.89212827988338,5
29,0500000US40059,40059,Harper County,C,1041.0473423564126,36.8004561,-99.662842,3747,3.599259944815438,95.40966106218308,0.05337603416066186,0.02668801708033093,0.13344008540165467,0.0,1.3877768881772083,2.989057912997064,19.028556178275956,38.5,34.4,2.0,82.9,16.5,21.1,26.6,8.7,23484,15.4,21.5,69700,10.2,15.8,58.43373493975904,69.63788300835655,5
30,0500000US40061,40061,Haskell County,C,625.272656479457,35.2322937,-95.1095776,12839,20.533442278267636,74.70207960121505,0.7399330165900772,14.751927720227432,0.366072123997196,0.0,0.5374250331022665,8.90256250486798,3.62956616558922,39.9,49.9,7.5,80.3,18.6,23.0,30.099999999999998,19.2,18910,18.4,20.4,79600,14.4,22.2,17.78001727613015,50.42219541616405,2
31,0500000US40063,40063,Hughes County,C,814.8804133800445,35.0529339,-96.2511829,13840,16.984087201940504,68.07080924855491,5.513005780346821,17.398843930635838,0.0361271676300578,0.028901734104046246,1.2355491329479769,7.716763005780347,4.2991329479768785,39.8,55.7,8.2,79.4,20.4,20.0,32.1,17.1,18007,22.3,24.6,64100,13.7,21.9,20.627735023389164,53.21697467488023,2
32,0500000US40065,40065,Jackson County,C,804.2393985081945,34.5939486,-99.4122097,26275,32.67062027642293,75.05994291151285,7.425309229305424,1.4234062797335871,1.3206470028544244,0.2664129400570885,6.7402473834443395,7.7640342530922934,21.92197906755471,34.0,34.6,7.3,82.1,22.2,14.8,33.9,16.9,22569,16.0,14.0,88100,13.6,16.700000000000003,43.95984477813396,72.99738531019729,5
33,0500000US40067,40067,Jefferson County,C,774.0818272481986,34.1050923,-97.8388139,6377,8.238147151276946,82.81323506350948,0.6115728398933669,7.495687627411009,0.10976948408342481,0.0,4.092833620824839,4.876901364277873,9.001097694840835,42.5,47.1,5.3,77.6,22.4,18.1,28.1,15.7,18828,21.9,27.1,57900,13.1,17.299999999999997,21.577464788732396,51.61290322580645,3
34,0500000US40069,40069,Johnston County,C,658.24469471361,34.3134553,-96.6542545,11043,16.776436010326833,71.728696912071,1.4941591958706872,6.438467807660962,0.6882187811283166,0.3169428597301458,1.476048175314679,17.857466268224215,4.256089830661958,39.7,50.9,6.4,79.4,15.6,15.9,33.5,20.5,19742,19.8,17.3,77800,16.5,19.799999999999997,23.27463112803427,48.08998302207131,2
35,0500000US40071,40071,Kay County,C,944.9661893167885,36.8148423,-97.1437553,45781,48.44723601497289,79.8016644459492,1.8806928638518163,8.143116139883357,0.644372119438195,0.017474498154256134,2.1493632729735044,7.363316659749677,6.891505209584762,39.1,39.6,8.0,81.7,18.8,12.4,31.700000000000003,16.1,22741,18.2,15.6,76200,14.8,12.899999999999999,52.52742703374042,61.377515266793466,4
36,0500000US40073,40073,Kingfisher County,C,906.0174780862519,35.9494308,-97.934568,15202,16.778925757713456,86.50177608209447,0.42099723720563087,3.920536771477437,0.0,0.0723589001447178,6.1570845941323515,2.927246414945402,14.129719773713987,38.5,33.1,3.5,84.7,13.1,19.6,28.0,9.0,26791,6.9,10.8,117900,11.5,14.3,65.73391630231106,71.82946573124663,4
37,0500000US40075,40075,Kiowa County,C,1030.702241970402,34.9214893,-98.9816168,9379,9.099621227242205,79.6033692291289,4.126239471158972,5.821516153108007,0.15993176244802218,0.0,5.085830045847105,5.203113338308988,9.862458684294701,42.9,42.7,6.1,80.6,18.7,13.6,32.0,21.4,23062,24.3,23.4,59900,16.2,16.1,28.37305699481865,53.09194467046379,5
38,0500000US40077,40077,Latimer County,C,729.1130065284423,34.8751365,-95.2722625,10921,14.978473710129842,69.5266001281934,0.8790403809174985,14.577419650215182,0.5585569087079937,0.0,1.0438604523395294,13.41452247962641,3.0583279919421296,39.3,49.1,8.7,82.8,15.4,15.2,41.2,16.6,22065,17.0,17.2,77800,14.2,15.7,15.271705184259837,43.050847457627114,2
39,0500000US40079,40079,Le Flore County,C,1608.526492602136,34.8996421,-94.7034907,50048,31.11419067710638,75.35166240409207,2.387707800511509,9.740648976982097,0.4475703324808184,0.1118925831202046,3.045076726342711,8.915441176470589,6.757512787723785,39.5,48.5,10.5,81.4,19.4,15.4,34.2,19.4,18390,23.3,15.3,79700,14.7,19.4,23.584455616307658,53.77800407331975,2
40,0500000US40081,40081,Lincoln County,C,965.6784898041604,35.7031175,-96.8813917,34366,35.58741378506777,85.88430425420474,1.6848047488797067,7.117499854507361,0.10475469941220975,0.0,0.5208636442995984,4.687772798696386,2.7585404178548565,40.6,41.0,7.5,82.0,17.3,16.6,29.8,13.6,22752,15.6,12.3,94200,12.7,15.4,48.09084924292298,61.69822145725761,4
41,0500000US40083,40083,Logan County,C,748.8249723078438,35.9141514,-97.4507644,43700,58.35809650594134,81.69107551487414,9.167048054919908,3.7162471395881003,0.5011441647597253,0.004576659038901602,1.2700228832951945,3.6498855835240276,5.4027459954233406,37.4,38.9,6.7,82.8,16.0,12.7,38.2,13.9,26284,12.7,12.1,138800,10.5,8.9,54.90065966665365,64.21554869492002,4
42,0500000US40085,40085,Love County,C,532.3936274059249,33.9577749,-97.2451238,9574,17.982935007409996,85.2412784625026,2.0785460622519323,6.434092333402966,0.5222477543346563,0.0,1.6920827240442866,4.031752663463547,13.306872780447044,39.5,43.6,3.6,80.5,19.9,15.8,22.1,7.6,20151,14.9,28.5,84900,9.5,16.3,22.204613488290192,54.820680018630654,3
43,0500000US40087,40087,McClain County,C,580.2532482687864,35.0164135,-97.4498113,35860,61.800601904409916,84.12716118237591,0.9007250418293363,5.368098159509203,0.6162855549358617,0.4406023424428332,2.7300613496932513,5.817066369213608,7.322922476296709,38.3,37.1,3.8,84.5,17.5,14.0,34.400000000000006,10.1,26582,10.7,9.2,151200,11.1,12.7,49.08464154283318,61.71245724373827,3
44,0500000US40089,40089,McCurtain County,C,1902.3750013897948,34.1170728,-94.7660863,33164,17.432945647294453,66.0113375949825,8.521288143770352,16.165118803521892,0.05427572066095766,0.0,1.601133759498251,7.646845977566036,5.095887106501025,39.0,46.7,9.4,78.3,19.6,15.8,31.5,23.3,17691,24.6,17.1,73900,12.5,19.0,17.795347028708445,51.242005057266105,2
45,0500000US40091,40091,McIntosh County,C,712.285872138877,35.3690916,-95.6717644,20334,28.547526766100738,70.20261630766204,3.472017310907839,15.181469460017706,0.3688403658896429,0.0,0.029507229271171435,10.745549326251599,2.291728140060982,47.2,51.6,9.8,84.4,17.5,13.7,33.5,17.7,19891,20.7,39.0,83900,13.8,17.1,22.050356621122283,51.22586244304621,1
46,0500000US40093,40093,Major County,C,957.9423376882341,36.3131189,-98.5420147,7639,7.974383947195515,89.6321508050792,0.4189029977745778,3.914124885456211,0.0,0.0,3.822489854693022,2.2123314569969894,8.45660426757429,42.0,36.5,5.2,82.4,13.1,18.7,28.2,13.3,27225,14.3,16.3,87100,9.6,13.0,73.22703474535935,64.4090909090909,4
47,0500000US40095,40095,Marshall County,C,426.9348842132522,34.0270068,-96.770533,15964,37.39211900994731,73.26484590328238,1.4657980456026058,5.737910298170885,0.0,0.0,6.859183162114759,12.672262590829368,15.190428464044098,43.4,47.3,8.3,71.5,19.0,10.0,28.099999999999998,15.4,20831,17.3,40.0,85300,12.8,19.5,30.156640779254968,52.41298625329044,2
48,0500000US40097,40097,Mayes County,C,683.5118191991777,36.303804,-95.2356382,41084,60.10722689204586,68.03378444163178,0.4332586895141661,9.095998442215949,0.44299483984032717,0.04624671404926492,0.053548826793885694,21.89416804595463,3.0036023756206798,39.2,43.4,8.3,83.4,17.4,14.7,30.9,16.0,20848,20.6,17.9,100500,13.6,14.7,37.98434815804543,54.231941961938816,1
49,0500000US40099,40099,Murray County,C,425.09441437442285,34.4857664,-97.0715567,13656,32.124628172535346,75.77621558289397,1.6329818394844757,7.842706502636204,0.40275336848271825,0.0,3.3758055067369654,10.969537199765671,5.352958406561219,41.4,40.1,4.7,82.2,23.9,12.5,30.4,12.3,22809,15.8,22.7,87100,15.4,18.9,23.91013640010698,54.40379403794038,3
50,0500000US40101,40101,Muskogee County,C,839.7798809654898,35.6175506,-95.3839106,70519,83.97319535557905,61.23314284093648,10.948822303209065,14.90803896822133,0.6934301393950566,0.01418057544775167,1.4506728683049959,10.751712304485315,5.521916079354501,37.8,45.0,8.6,80.9,20.3,10.9,34.8,21.5,20312,22.0,14.0,90200,15.3,14.8,26.396744013954226,47.60642009769714,1
51,0500000US40103,40103,Noble County,C,742.5363708524931,36.384901,-97.2363345,11498,15.484763375024103,83.89285093059662,1.6698556270655764,8.001391546355888,0.1652461297616977,0.0,0.9045051313271874,5.3661506348930255,2.930944512089059,40.7,38.0,6.6,79.5,16.1,11.6,33.7,15.8,22996,14.2,14.5,84200,10.0,12.600000000000001,54.94014365522746,65.14736120630569,4
52,0500000US40105,40105,Nowata County,C,580.7843117105493,36.7896148,-95.6133123,10555,18.17370026561666,69.30364756039792,1.7811463761250594,19.81999052581715,0.3694931312174325,0.5684509711037423,0.28422548555187116,7.873045949786831,2.671719564187589,41.9,44.4,8.8,81.2,18.1,15.6,35.3,13.2,20142,16.7,14.9,74600,11.7,15.799999999999999,40.72721235264819,61.21996303142328,1
53,0500000US40107,40107,Okfuskee County,C,628.8703602537772,35.466804,-96.3277619,12260,19.49527402603701,64.18433931484503,7.797716150081565,15.513866231647636,0.28548123980424145,0.0,0.6199021207177814,11.598694942903752,3.605220228384992,40.1,54.0,8.9,77.5,21.7,16.2,34.3,19.6,16664,26.4,20.7,71400,15.4,20.700000000000003,25.74171029668412,48.95635673624288,2
54,0500000US40109,40109,Oklahoma County,C,718.3728023981649,35.5546109,-97.4094007,743145,1034.4837631925059,68.63371212885777,14.97029516446992,2.9710218059732623,3.2191564230399186,0.08248726695328637,3.4488558760403425,6.674471334665509,15.73730564021826,34.2,34.4,6.6,82.2,17.8,10.5,38.400000000000006,15.1,27114,18.5,11.2,129800,13.3,13.899999999999999,44.64568688797692,51.30621948085326,6
55,0500000US40111,40111,Okmulgee County,C,702.3349098556346,35.646879,-95.96458,39606,56.391899995603296,66.0480735242135,8.37246881785588,12.328940059586932,0.28531030651921424,0.0555471393223249,0.41660354491743673,12.49305660758471,3.5221936070292377,39.3,45.6,11.1,80.2,18.6,11.6,36.7,19.4,20198,20.0,15.9,77600,15.6,13.6,29.033051347629353,50.78648945250579,1
56,0500000US40113,40113,Osage County,C,2303.9742700694733,36.6246804,-96.4083854,47937,20.806221936911875,65.72584850950204,11.402465736278867,14.654650895967624,0.15436927634186537,0.11890606420927466,0.7843628095208295,7.159396708179486,3.0999019546488102,42.0,44.5,7.0,84.5,16.6,14.0,31.700000000000003,11.7,22530,16.0,13.5,97300,13.3,12.8,39.028267866144475,52.08388874078024,4
57,0500000US40115,40115,Ottawa County,C,484.6085207847427,36.8357635,-94.8026814,32086,66.21014411393772,69.3947516050614,0.8633048681668019,15.059527519790564,0.6607243034345197,0.829022003365954,1.3494982235242785,11.843171476656487,4.936732531322072,38.5,42.3,9.8,85.4,23.9,11.9,33.9,18.8,18231,22.5,14.7,81600,14.4,16.4,30.239617645159207,56.535070908394026,1
58,0500000US40117,40117,Pawnee County,C,594.7643747291794,36.3137038,-96.6966693,16566,27.853046860016086,79.96498853072558,1.032234697573343,10.455149100567427,0.3742605336230834,0.13280212483399734,0.4708438971387179,7.569721115537849,2.4809851503078595,41.7,42.6,7.6,80.1,16.1,14.4,30.0,10.9,21660,14.5,18.3,85300,13.4,12.299999999999999,42.623660569325686,59.65151102640893,4
59,0500000US40119,40119,Payne County,C,696.9726161274992,36.0792254,-96.9752553,78723,112.94991822978447,80.9115506268816,3.613937476976233,4.6263480812469036,3.8502089605325,0.043189410972650936,0.5843273249241009,6.370438118466014,4.194453971520394,26.9,38.9,6.1,76.1,18.4,9.8,44.6,11.2,21452,25.3,12.3,132700,8.8,9.2,48.78105349963921,51.38242894056848,4
60,0500000US40121,40121,Pittsburg County,C,1377.8256381791075,34.9255401,-95.7481302,45220,32.8198276668457,72.1627598407784,3.403361344537815,9.586466165413533,0.5307386112339673,0.022114108801415303,1.7735515258735073,12.521008403361344,4.307828394515701,41.1,45.9,5.8,85.1,19.8,13.5,31.400000000000002,16.1,22719,19.7,18.8,89400,15.9,15.5,23.40074446448444,50.766961651917406,2
61,0500000US40123,40123,Pontotoc County,C,725.2248848186119,34.7210711,-96.692738,37873,52.222422027716995,71.62622448710164,2.339397459931878,7.401050880574552,0.5544847252660207,0.015842420721886304,0.16106461067251077,17.901935415731522,4.4332373986745175,35.3,37.8,6.8,85.3,19.2,12.8,40.0,15.9,21556,19.2,12.1,102000,13.6,13.399999999999999,31.751340185904688,45.960863020572,2
62,0500000US40125,40125,Pottawatomie County,C,793.4023931613403,35.2113928,-96.957007,70700,89.10989002477457,76.2022630834512,2.7157001414427158,12.926449787835924,0.618104667609618,0.007072135785007072,0.9363507779349363,6.594059405940595,4.572842998585573,37.6,42.1,6.8,83.4,18.9,13.0,34.6,17.5,21682,18.6,11.6,100200,13.7,13.0,41.39506716582251,60.93290472607893,3
63,0500000US40127,40127,Pushmataha County,C,1422.8586506993345,34.3778956,-95.408085,11315,7.9523008096683965,75.31595227574017,1.1135660627485637,12.929739284136103,0.5567830313742819,0.02651347768448962,0.7423773751657092,9.315068493150685,2.9606716747680073,44.8,47.8,11.9,79.3,18.4,17.2,37.9,22.8,20108,25.0,21.7,75600,16.3,19.0,14.895198453991378,51.22330097087379,2
64,0500000US40129,40129,Roger Mills County,C,1146.4235384519975,35.7085544,-99.7415716,3743,3.2649364518929276,90.62249532460594,0.10686615014694097,1.4426930269837028,0.02671653753673524,0.13358268768367618,0.13358268768367618,7.534063585359338,5.8776382580817526,42.0,42.5,2.6,79.6,11.7,18.4,23.2,4.7,26104,15.6,31.4,86500,13.9,8.3,34.29556225764757,63.8228055783429,5
65,0500000US40131,40131,Rogers County,C,711.4970360852108,36.3780816,-95.6013368,88444,124.30691276893486,75.46243950974628,0.9972411921667947,12.332097146216816,0.861562118402605,0.007914612636244402,1.470987291393424,8.867758129437837,3.992356745511284,38.8,35.8,6.0,85.9,14.2,11.4,34.1,9.9,27488,9.3,7.3,142900,11.3,9.4,52.73209648891732,64.01458190931875,1
66,0500000US40133,40133,Seminole County,C,640.4739610116591,35.1583657,-96.6028575,25460,39.75181123645483,68.3503534956795,4.988216810683425,17.8790259230165,0.28279654359780043,0.035349567949725054,1.0722702278083267,7.391987431264729,4.128043990573448,39.5,47.3,8.5,82.3,19.3,15.4,31.0,21.1,18797,23.1,20.4,70500,14.2,17.9,29.226634298595457,55.83979869993709,3
67,0500000US40135,40135,Sequoyah County,C,714.1521768453388,35.5024345,-94.7507569,41720,58.4189215585562,65.97075743048897,2.0829338446788115,14.719558964525408,0.6136145733461169,0.0,0.8437200383509109,15.76941514860978,3.6145733461169707,39.6,46.1,10.3,83.6,20.9,11.8,35.0,19.2,18639,23.4,17.2,88000,14.3,17.7,26.775800711743774,54.120370370370374,1
68,0500000US40137,40137,Stephens County,C,891.3638278055654,34.4813609,-97.8556068,44900,50.37224823284405,84.70824053452117,2.4810690423162587,6.144766146993319,0.5167037861915368,0.022271714922048998,2.443207126948775,3.6837416481069045,6.614699331848552,40.1,43.1,7.5,81.9,15.6,13.3,33.0,14.0,23577,15.1,13.6,95100,13.6,13.8,41.848150654934905,56.23680506685432,3
69,0500000US40139,40139,Texas County,C,2048.68050390843,36.7419638,-101.4884339,21495,10.492119175729101,63.7404047452896,1.8608978832286578,0.38148406606187485,3.6427076064200974,0.0,27.18306582926262,3.1914398697371484,44.51732961153756,31.6,28.8,4.8,75.9,14.7,15.0,24.8,10.2,22569,12.3,12.4,90700,7.4,29.799999999999997,56.407818277865815,76.39405204460967,5
70,0500000US40141,40141,Tillman County,C,879.2013951386782,34.3710852,-98.931701,7811,8.88419882314672,74.54871335296377,8.24478299833568,1.9075662527205224,0.38407374215849444,0.11522212264754833,7.6430674689540385,7.1565740622199465,23.966201510690052,40.7,44.5,9.1,77.6,18.7,18.4,31.599999999999998,21.4,18449,24.2,25.5,51700,10.7,24.2,30.49645390070922,58.535144713526286,5
71,0500000US40143,40143,Tulsa County,C,587.0180642654618,36.1201205,-95.9417313,616128,1049.589505854413,71.6177482601018,10.190901890516257,4.696751324400124,2.5431403864132127,0.07839280149579309,3.368942817076971,7.504122519995845,11.43171548769087,35.3,32.9,7.0,82.5,17.0,9.5,39.3,12.7,27995,15.8,10.7,136100,14.0,11.4,50.655436318777404,56.86864313439525,6
72,0500000US40145,40145,Wagoner County,C,590.6760914827261,35.9634793,-95.5141004,74767,126.5786800551187,75.98673211443551,3.4132705605414158,8.720424786336217,1.3000387871654606,0.0,1.277301483274707,9.302232268246687,5.169392913986117,38.3,36.5,6.3,84.4,15.0,12.2,35.7,10.8,25239,11.3,10.4,139000,12.5,10.8,52.27198100578414,63.76560539991637,1
73,0500000US40147,40147,Washington County,C,424.26843220428754,36.7043803,-95.9061545,51564,121.53626356808856,78.71383135520907,2.5599255294391434,9.694748273989605,1.7124350321930029,0.0,0.7931890466216741,6.525870762547514,5.39911566208983,40.1,40.5,6.2,81.9,18.6,10.1,35.900000000000006,11.8,27514,14.3,10.3,109900,13.5,10.1,57.18273778244877,66.45258783528523,1
74,0500000US40149,40149,Washita County,C,1008.7956865798293,35.2901769,-98.9919621,11622,11.520667816694033,91.38702460850112,0.8088108759249699,1.3680949922560661,0.12906556530717606,0.0,1.4455343314403717,4.861469626570298,8.896919635174669,39.2,40.1,2.9,83.9,16.8,15.3,27.2,8.3,24213,14.5,16.1,76200,11.8,13.200000000000001,36.86731598275587,63.41383812010444,5
75,0500000US40151,40151,Woods County,C,1289.9643205568893,36.7651405,-98.8689669,8958,6.944378117475955,88.72516186648805,3.5945523554364813,1.4847064076802858,0.4353650368385801,0.044652824291136414,1.8754186202277294,3.8401428890377316,5.458807769591427,34.2,40.7,3.8,83.3,21.0,12.7,34.7,6.8,25494,16.2,23.9,88000,10.3,11.6,60.1757253780139,58.679706601467,4
76,0500000US40153,40153,Woodward County,C,1246.1415255614036,36.4256189,-99.2736609,20697,16.60886791383966,91.03734840798184,1.0871140745035512,1.8939942986906315,0.04831618108904672,0.02415809054452336,1.6717398656810167,4.237329081509397,11.132048122916364,36.4,37.7,4.4,87.2,15.2,19.0,26.299999999999997,8.7,25767,14.5,18.3,108700,14.4,13.9,56.840595302133764,70.77102803738318,4
